{
  "items": {
    "MLM5241336574": {
      "original_price": 499.0,
      "floor": 299,
      "ceiling": 648.7,
      "last_change_at": 1777142499,
      "role": "winner",
      "label": "Armaf Odyssey Mega Man Edici\u00f3n Limi"
    },
    "MLM5244431296": {
      "original_price": 740.0,
      "floor": 407.00000000000006,
      "ceiling": 962.0,
      "last_change_at": 1777189929,
      "role": "winner",
      "label": "Sony Srs-xb100 Altavoz De Viaje Ina"
    },
    "MLM2890856611": {
      "original_price": 723.0,
      "floor": 397.65000000000003,
      "ceiling": 939.9,
      "last_change_at": 1777189929,
      "role": "winner",
      "label": "Bocina Port\u00e1til Jbl Go 4 Bluetooth,"
    },
    "MLM2890818973": {
      "original_price": 667.0,
      "floor": 366.85,
      "ceiling": 867.1,
      "last_change_at": 1777189929,
      "role": "winner",
      "label": "Bocina Jbl Go 4 Jblgo4 Port\u00e1til Con"
    },
    "MLM2890793871": {
      "original_price": 499.0,
      "floor": 274.45000000000005,
      "ceiling": 648.7,
      "last_change_at": 1777140907,
      "role": "step_1",
      "label": "Bocina Jbl Go 4 Jblgo4 Port\u00e1til Con"
    },
    "MLM2890793859": {
      "original_price": 719.0,
      "floor": 395.45000000000005,
      "ceiling": 934.7,
      "last_change_at": 1777175242,
      "role": "step_1",
      "label": "Bocina Jbl Go 4 Jblgo4 Port\u00e1til Con"
    },
    "MLM5241631618": {
      "original_price": 474.0,
      "floor": 299,
      "ceiling": 616.2,
      "last_change_at": 1777142499,
      "role": "winner",
      "label": "Perfume Lattafa His Confession 100m"
    },
    "MLM5245310498": {
      "original_price": 714.0,
      "floor": 392.70000000000005,
      "ceiling": 928.2,
      "last_change_at": 1777141790,
      "role": "winner",
      "label": "Sony Srs-xb100 Altavoz De Viaje Ina"
    },
    "MLM5245310494": {
      "original_price": 499.0,
      "floor": 274.45000000000005,
      "ceiling": 648.7,
      "last_change_at": 1777140469,
      "last_ref": 489.0,
      "label": "Bocina Jbl Go 4 Jblgo4 Port\u00e1til Con",
      "last_action": "down"
    },
    "MLM5245310490": {
      "original_price": 673.0,
      "floor": 370.15000000000003,
      "ceiling": 874.9,
      "last_change_at": 1777175242,
      "role": "winner",
      "label": "Bocina Port\u00e1til Jbl Go 4 Bluetooth,"
    },
    "MLM5245310484": {
      "original_price": 617.0,
      "floor": 339.35,
      "ceiling": 802.1,
      "last_change_at": 1777175242,
      "role": "winner",
      "label": "Bocina Jbl Go 4 Jblgo4 Port\u00e1til Con"
    },
    "MLM5244431430": {
      "original_price": 474.0,
      "floor": 299,
      "ceiling": 616.2,
      "last_change_at": 1777145410,
      "role": "winner",
      "label": "Armaf Delight Island Bliss Edp 100 "
    },
    "MLM5241635216": {
      "original_price": 589.0,
      "floor": 323.95000000000005,
      "ceiling": 765.7,
      "last_change_at": 1777142499,
      "role": "winner",
      "label": "Armaf Club De Nuit Maleka Edp Mujer"
    },
    "MLM5241335830": {
      "original_price": 1712.0,
      "floor": 941.6,
      "ceiling": 2225.6,
      "last_change_at": 1777141790,
      "role": "winner",
      "label": "Angel Nova Fruitt\u00e9 Edp Para Mujer"
    },
    "MLM2890840987": {
      "original_price": 669.0,
      "floor": 367.95000000000005,
      "ceiling": 869.7,
      "last_change_at": 1777175242,
      "role": "winner",
      "label": "Bocina Jbl Go 4 Jblgo4 Port\u00e1til Con"
    },
    "MLM5244951422": {
      "original_price": 499.0,
      "floor": 299,
      "ceiling": 648.7,
      "last_change_at": 1777145410,
      "role": "winner",
      "label": "Perfume Armaf Odyssey Spectra Hombr"
    },
    "MLM2890988575": {
      "original_price": 499.0,
      "floor": 299,
      "ceiling": 648.7,
      "last_change_at": 1777147635,
      "role": "winner",
      "label": "Jbl Go 4 - Altavoz Ultraport\u00e1til Bl"
    },
    "MLM2890951427": {
      "original_price": 649.0,
      "floor": 356.95000000000005,
      "ceiling": 843.7,
      "last_change_at": 1777147635,
      "role": "winner",
      "label": "Altavoz Bluetooth Jbl Go 4 Port\u00e1til"
    },
    "MLM2890938641": {
      "original_price": 972.0,
      "floor": 534.6,
      "ceiling": 1263.6000000000001,
      "last_change_at": 1777175242,
      "role": "winner",
      "label": "Bocina Port\u00e1til Jbl Go 4 Bluetooth,"
    }
  },
  "last_run": 1777208935,
  "winner_account": "CLARIBEL"
}