{
  "items": {
    "MLM5241336574": {
      "original_price": 499.0,
      "floor": 274.45000000000005,
      "ceiling": 648.7,
      "last_change_at": 1777140469,
      "last_ref": 337.0,
      "label": "Armaf Odyssey Mega Man Edici\u00f3n Limi",
      "last_action": "down"
    },
    "MLM5244431296": {
      "original_price": 549.0,
      "floor": 301.95000000000005,
      "ceiling": 713.7,
      "last_change_at": 1777140469,
      "last_ref": 549.0,
      "label": "Sony Srs-xb100 Altavoz De Viaje Ina",
      "last_action": "down"
    },
    "MLM2890856611": {
      "original_price": 499.0,
      "floor": 274.45000000000005,
      "ceiling": 648.7,
      "last_change_at": 1777140469,
      "last_ref": 683.24,
      "label": "Bocina Port\u00e1til Jbl Go 4 Bluetooth,",
      "last_action": "up"
    },
    "MLM2890818973": {
      "original_price": 499.0,
      "floor": 274.45000000000005,
      "ceiling": 648.7,
      "last_change_at": 1777140469,
      "last_ref": 499.0,
      "label": "Bocina Jbl Go 4 Jblgo4 Port\u00e1til Con",
      "last_action": "down"
    },
    "MLM2890793871": {
      "original_price": 499.0,
      "floor": 274.45000000000005,
      "ceiling": 648.7,
      "last_change_at": 1777140469,
      "last_ref": 499.0,
      "label": "Bocina Jbl Go 4 Jblgo4 Port\u00e1til Con",
      "last_action": "down"
    },
    "MLM2890793859": {
      "original_price": 499.0,
      "floor": 274.45000000000005,
      "ceiling": 648.7,
      "last_change_at": 1777140469,
      "last_ref": 499.0,
      "label": "Bocina Jbl Go 4 Jblgo4 Port\u00e1til Con",
      "last_action": "down"
    },
    "MLM5241631618": {
      "original_price": 474.0,
      "floor": 260.70000000000005,
      "ceiling": 616.2,
      "last_change_at": 1777140469,
      "last_ref": 475.0,
      "label": "Perfume Lattafa His Confession 100m",
      "last_action": "down"
    },
    "MLM5245310498": {
      "original_price": 549.0,
      "floor": 301.95000000000005,
      "ceiling": 713.7,
      "last_change_at": 1777140469,
      "last_ref": 780.0,
      "label": "Sony Srs-xb100 Altavoz De Viaje Ina",
      "last_action": "up"
    },
    "MLM5245310494": {
      "original_price": 499.0,
      "floor": 274.45000000000005,
      "ceiling": 648.7,
      "last_change_at": 1777140469,
      "last_ref": 489.0,
      "label": "Bocina Jbl Go 4 Jblgo4 Port\u00e1til Con",
      "last_action": "down"
    },
    "MLM5245310490": {
      "original_price": 499.0,
      "floor": 274.45000000000005,
      "ceiling": 648.7,
      "last_change_at": 1777140469,
      "last_ref": 649.0,
      "label": "Bocina Port\u00e1til Jbl Go 4 Bluetooth,",
      "last_action": "up"
    },
    "MLM5245310484": {
      "original_price": 499.0,
      "floor": 274.45000000000005,
      "ceiling": 648.7,
      "last_change_at": 1777140469,
      "last_ref": 489.0,
      "label": "Bocina Jbl Go 4 Jblgo4 Port\u00e1til Con",
      "last_action": "down"
    },
    "MLM5244431430": {
      "original_price": 474.0,
      "floor": 260.70000000000005,
      "ceiling": 616.2,
      "last_change_at": 1777140469,
      "last_ref": 475.0,
      "label": "Armaf Delight Island Bliss Edp 100 ",
      "last_action": "down"
    },
    "MLM5241635216": {
      "original_price": 499.0,
      "floor": 274.45000000000005,
      "ceiling": 648.7,
      "last_change_at": 1777140469,
      "last_ref": 599.0,
      "label": "Armaf Club De Nuit Maleka Edp Mujer",
      "last_action": "up"
    },
    "MLM5241335830": {
      "original_price": 599.0,
      "floor": 329.45000000000005,
      "ceiling": 778.7,
      "last_change_at": 1777140469,
      "last_ref": 1753.07,
      "label": "Angel Nova Fruitt\u00e9 Edp Para Mujer",
      "last_action": "up"
    },
    "MLM2890840987": {
      "original_price": 499.0,
      "floor": 274.45000000000005,
      "ceiling": 648.7,
      "last_change_at": 1777140469,
      "last_ref": 489.0,
      "label": "Bocina Jbl Go 4 Jblgo4 Port\u00e1til Con",
      "last_action": "down"
    }
  },
  "last_run": 1777140469
}