{
  "items": {
    "MLM5241336574": {
      "original_price": 499.0,
      "floor": 299,
      "ceiling": 648.7,
      "last_change_at": 1777142499,
      "role": "winner",
      "label": "Armaf Odyssey Mega Man Edici\u00f3n Limi"
    },
    "MLM5244431296": {
      "original_price": 790.0,
      "floor": 434.50000000000006,
      "ceiling": 1027.0,
      "last_change_at": 1777416147,
      "role": "winner",
      "label": "Sony Srs-xb100 Altavoz De Viaje Ina"
    },
    "MLM2890856611": {
      "original_price": 723.0,
      "floor": 397.65000000000003,
      "ceiling": 939.9,
      "last_change_at": 1777416147,
      "role": "winner",
      "label": "Bocina Port\u00e1til Jbl Go 4 Bluetooth,"
    },
    "MLM2890818973": {
      "original_price": 667.0,
      "floor": 366.85,
      "ceiling": 867.1,
      "last_change_at": 1777425964,
      "role": "winner",
      "label": "Bocina Jbl Go 4 Jblgo4 Port\u00e1til Con"
    },
    "MLM2890793871": {
      "original_price": 529.0,
      "floor": 299,
      "ceiling": 687.7,
      "last_change_at": 1777349200,
      "role": "winner",
      "label": "Bocina Jbl Go 4 Jblgo4 Port\u00e1til Con"
    },
    "MLM2890793859": {
      "original_price": 719.0,
      "floor": 395.45000000000005,
      "ceiling": 934.7,
      "last_change_at": 1777425964,
      "role": "winner",
      "label": "Bocina Jbl Go 4 Jblgo4 Port\u00e1til Con"
    },
    "MLM5241631618": {
      "original_price": 474.0,
      "floor": 299,
      "ceiling": 616.2,
      "last_change_at": 1777142499,
      "role": "winner",
      "label": "Perfume Lattafa His Confession 100m"
    },
    "MLM5245310498": {
      "original_price": 714.0,
      "floor": 392.70000000000005,
      "ceiling": 928.2,
      "last_change_at": 1777141790,
      "role": "winner",
      "label": "Sony Srs-xb100 Altavoz De Viaje Ina"
    },
    "MLM5245310494": {
      "original_price": 499.0,
      "floor": 274.45000000000005,
      "ceiling": 648.7,
      "last_change_at": 1777140469,
      "last_ref": 489.0,
      "label": "Bocina Jbl Go 4 Jblgo4 Port\u00e1til Con",
      "last_action": "down"
    },
    "MLM5245310490": {
      "original_price": 673.0,
      "floor": 370.15000000000003,
      "ceiling": 874.9,
      "last_change_at": 1777175242,
      "role": "winner",
      "label": "Bocina Port\u00e1til Jbl Go 4 Bluetooth,"
    },
    "MLM5245310484": {
      "original_price": 617.0,
      "floor": 339.35,
      "ceiling": 802.1,
      "last_change_at": 1777175242,
      "role": "winner",
      "label": "Bocina Jbl Go 4 Jblgo4 Port\u00e1til Con"
    },
    "MLM5244431430": {
      "original_price": 474.0,
      "floor": 299,
      "ceiling": 616.2,
      "last_change_at": 1777145410,
      "role": "winner",
      "label": "Armaf Delight Island Bliss Edp 100 "
    },
    "MLM5241635216": {
      "original_price": 589.0,
      "floor": 323.95000000000005,
      "ceiling": 765.7,
      "last_change_at": 1777142499,
      "role": "winner",
      "label": "Armaf Club De Nuit Maleka Edp Mujer"
    },
    "MLM5241335830": {
      "original_price": 1712.0,
      "floor": 941.6,
      "ceiling": 2225.6,
      "last_change_at": 1777141790,
      "role": "winner",
      "label": "Angel Nova Fruitt\u00e9 Edp Para Mujer"
    },
    "MLM2890840987": {
      "original_price": 669.0,
      "floor": 367.95000000000005,
      "ceiling": 869.7,
      "last_change_at": 1777175242,
      "role": "winner",
      "label": "Bocina Jbl Go 4 Jblgo4 Port\u00e1til Con"
    },
    "MLM5244951422": {
      "original_price": 499.0,
      "floor": 299,
      "ceiling": 648.7,
      "last_change_at": 1777145410,
      "role": "winner",
      "label": "Perfume Armaf Odyssey Spectra Hombr"
    },
    "MLM2890988575": {
      "original_price": 499.0,
      "floor": 299,
      "ceiling": 648.7,
      "last_change_at": 1777147635,
      "role": "winner",
      "label": "Jbl Go 4 - Altavoz Ultraport\u00e1til Bl"
    },
    "MLM2890951427": {
      "original_price": 649.0,
      "floor": 356.95000000000005,
      "ceiling": 843.7,
      "last_change_at": 1777147635,
      "role": "winner",
      "label": "Altavoz Bluetooth Jbl Go 4 Port\u00e1til"
    },
    "MLM2890938641": {
      "original_price": 972.0,
      "floor": 534.6,
      "ceiling": 1263.6000000000001,
      "last_change_at": 1777175242,
      "role": "winner",
      "label": "Bocina Port\u00e1til Jbl Go 4 Bluetooth,"
    },
    "MLM2891178511": {
      "original_price": 710.0,
      "floor": 390.50000000000006,
      "ceiling": 923.0,
      "last_change_at": 1777229260,
      "role": "winner",
      "label": "Sony Srs-xb100 Altavoz De Viaje Ina"
    },
    "MLM5246077386": {
      "original_price": 623.0,
      "floor": 342.65000000000003,
      "ceiling": 809.9,
      "last_change_at": 1777229260,
      "role": "winner",
      "label": "Bocina Port\u00e1til Jbl Go 4 Bluetooth,"
    },
    "MLM5246052014": {
      "original_price": 577.0,
      "floor": 317.35,
      "ceiling": 750.1,
      "last_change_at": 1777379361,
      "role": "winner",
      "label": "Bocina Jbl Go 4 Jblgo4 Port\u00e1til Con"
    },
    "MLM2891189883": {
      "original_price": 619.0,
      "floor": 340.45000000000005,
      "ceiling": 804.7,
      "last_change_at": 1777379361,
      "role": "winner",
      "label": "Bocina Jbl Go 4 Jblgo4 Port\u00e1til Con"
    },
    "MLM5246077488": {
      "original_price": 992.0,
      "floor": 545.6,
      "ceiling": 1289.6000000000001,
      "last_change_at": 1777292599,
      "role": "winner",
      "label": "Bocina Port\u00e1til Jbl Go 4 Bluetooth,"
    },
    "MLM2891178657": {
      "original_price": 1118.96,
      "floor": 615.4280000000001,
      "ceiling": 1454.6480000000001,
      "last_change_at": 1777302980,
      "role": "winner",
      "label": "Parlante Jbl Grip Port\u00e1til Con Blue"
    },
    "MLM2891178603": {
      "original_price": 709.0,
      "floor": 389.95000000000005,
      "ceiling": 921.7,
      "last_change_at": 1777302980,
      "role": "winner",
      "label": "Altavoz Bluetooth Jbl Go 4 Port\u00e1til"
    },
    "MLM2891178563": {
      "original_price": 635.0,
      "floor": 349.25,
      "ceiling": 825.5,
      "last_change_at": 1777292599,
      "role": "winner",
      "label": "Jbl Go 4 - Altavoz Ultraport\u00e1til Bl"
    },
    "MLM5253055546": {
      "original_price": 890.0,
      "floor": 489.50000000000006,
      "ceiling": 1157.0,
      "last_change_at": 1777416147,
      "role": "step_1",
      "label": "Sony Srs-xb100 Altavoz De Viaje Ina"
    },
    "MLM5253055650": {
      "original_price": 733.0,
      "floor": 403.15000000000003,
      "ceiling": 952.9,
      "last_change_at": 1777416147,
      "role": "step_1",
      "label": "Bocina Port\u00e1til Jbl Go 4 Bluetooth,"
    },
    "MLM5253055656": {
      "original_price": 685.0,
      "floor": 376.75000000000006,
      "ceiling": 890.5,
      "last_change_at": 1777425964,
      "role": "step_1",
      "label": "Bocina Jbl Go 4 Jblgo4 Port\u00e1til Con"
    },
    "MLM2894897769": {
      "original_price": 704.0,
      "floor": 387.20000000000005,
      "ceiling": 915.2,
      "last_change_at": 1777425964,
      "role": "step_1",
      "label": "Bocina Jbl Go 4 Jblgo4 Port\u00e1til Con"
    },
    "MLM2894910327": {
      "original_price": 675.0,
      "floor": 371.25000000000006,
      "ceiling": 877.5,
      "last_change_at": 1777416147,
      "role": "winner",
      "label": "Bocina Port\u00e1til Jbl Go 4 Bluetooth,"
    },
    "MLM2894910283": {
      "original_price": 519.0,
      "floor": 299,
      "ceiling": 674.7,
      "last_change_at": 1777379361,
      "role": "step_1",
      "label": "Altavoz Bluetooth Ultraport\u00e1til Imp"
    },
    "MLM2894897697": {
      "original_price": 519.0,
      "floor": 299,
      "ceiling": 674.7,
      "last_change_at": 1777379361,
      "role": "step_1",
      "label": "Altavoz Bluetooth Jbl Go 4 Rosa Ros"
    },
    "MLM2894897703": {
      "original_price": 519.0,
      "floor": 299,